"(b'O1\xaa\x9e}\x18\x05\xb6L\xd0\x11y\x9a\xbe\xe3D', b'\xb2\xd1H\xa6\xd9\xdf\xd9oU\xca;J\x03H\xcf\xc0', b'3\xaa\x04N\xa1\x87\xbf\xfbT\x8b\x89\xa7\xbc9\xcf\x0e', b'\xb5\xb0{\xa0\x1e-\xc4\xb8\xe4\xf2\xa9\x80\xa1\xa5\x1br', b'\x95\xb3\xabL!@:@!\xecRW}R\x9e\xcb', b'\xe6\xa6\x97\xcd7\xed\x87+\x9e\x00\x94\x1d\xf63\xcd&', b'xci\x1c\xeb\x17\x15\xcfR\xdb\x1ei\xef\xae\xbb\xa7', b'""\xe8\xa5\xfd\xa0\xaaah\xb2:\xb4]g\xd0*\xeb')","(b'\x00\xf0)\xb1\x802{\x8d:8\x1a\x87U"";\xf3', b'z8hF~\x1b\x1e\x99\t\xc8\xe5\x87\xfe9\x1br', b'B\xf7m\x14\x07E\xf6\xf5\x16\xd1s\xfc\xc7_\xb8\xff', b'%\xec\xbf\x87\xf7\xe0\xc5\xefN\xec<8J\x00\xbe\xd4', b'\xfd\x17\x0c\xa6B\xb5\xc8\xf1\x14o~x\xef\xe3\xe1\xb8', b'}\xf9\x90t\xc1`zt\x0f\x95\x03\xcf.\x04\xb9\x14', b'\x1fm\xc2V$3U1\xfa\x82\x9f""#\xac\x06\x8b', b'T\xc7\xb2\x04ag+3?S\xdf\x87f\x06`I', b'\xa5\\H\x96\xe4\x18\xe1\xa6\xbb?\xf1\x9fu\xa7`\xc8', b'\x9b\t\xef\xd0w\xfa\xac\xf2\x8d\xc6Tq3C\xb7%', b'mZ\xe7q\xa0q\xfeeu\x8b$\x00\x94\xc2z#', b'\x0e@q\x9br\xa0\x0cD%\x91\xfc\xae\xb2\x89j\xad')","(b'\xe9\xacm\xd9\r\t\xe0\xa7\xb18\xfa@\xdc\x9d@2', b'\x85\xe9\xff0\xb0\x07\x16\x00X\x96(%\x0c\xcd\xbaT', b'r\xda]\x03\xf6\x19F\x89\xaaK \xeeh\xee\xb9\x11', b'YoG\x0b\xbd\xea)\x8aY7\xdd\x80B\xbb\xf7\xc0', b'\xfa\xf6wK\xb1C\x1e\x16Kw\xea\xbb\x8e\xdf\x8f\xed', b's\xa3H%\xe9\x193\xcaM\x06%\n\xd5\xb2w\x94', b'\x97j\xc7\xc7E\xb8\x88\xf4M\x87\xfdw,.\xa2z', b'\x10\x80\x9a\x17\xf5\xcf:\xe9\x8f\xe1\xbb\xfbz\x9f\xd6\xc6', b'\x12\xf5\x10z\x8acG\x11(6\x9e6\xcf\xfc\xec\x88', b'\xb8\xf5W\xf9\x17\xcbi\xca\x06+\x98x\xf5r\x00\x94', b'\xbc\xc9)\x9a~\xcb\xb9\xd7\xd1\x80\x06\xea@\x99u\xd6', b'8p\xb6\xa0\x06\x98\x8c*x\xd2xx-\x03Xv')","(b'V\x80\xdc\xf8\xbf\xf7\x86\x00er\x94\xbe\x87\x97\x98\xd2', b'\x15O^\x80\xae\x01\xda\xc7\x8e\xed\x95\x02O\xa3\x08\xbc', b'\xca\xe7\x10\x0c\xae\x88!i\x1f\xc3\xcf\x81\x99S8\x8a', b'0\xe4""\x1d\xf7j\xcdMu\xd1\xd5\xe6\x92\x04\xeeW', b'\x86/\x95\x89\xc2nd\x06M\x1c\x82\x10M\xe5\xe9*', b'\xbd""\xac\x1c\xe3\xae!So\x8fth4\x13\xf2\x16', b'\xbe\xd1\xee\xa6r\xcc\x7f\x04<\xb0\x87P|5u\xae', b'\x19p\xd9\xc4\xd9\x93\x0c\xe1 \xd9~N\x87\x13\xc8\x0c', b'\x13\xb3\xc8\xc5!\xc1\xe5\x17G\xd6\x13d\x12W\x17C', b'\x80\xc08\xeb\xfa\x87*\xc3\xc6\x7f\x97\x99H\xa9S\xb5')","(b'\xc3\xaa\x97\x05\x18FC\x7f;7i\x10\xc0MJ-', b'\x7f6\xb5\xb8m\x9d\x07\xa5\x08\x1877\xd3\xea;X', b'\x8c\xaa\x1d\x8c\x1dt\x89\x1bKP\xfe5[\xeb\x06\x13', b'\xfe\xb2$\x16T\xd7\xfbX{\xbf\x91\xael\x06\x9a\x8b', b'\xcd\xd7\x95\x98\xef\xb28\xc4x6<s\xd5v\xc8~', b'\xab\xa7\xc2\x92@lK\xa6\x10\x03<.v\xde1\xbe', b'K\xaf\xd2\x15\x10\x7f\x01\x80xo\xb8\x02\xe4\t\x89\xf0', b'\xc0\xf4EV0\xeb\\B\xcd\xad\x80;\xcd\x11`L')","(b'h\x8fT\xbe\x16, \t\x7fW\xb4\xf9\xcas\x16\x07', b'\x15Z\x9e\x7f`LAPO<\xb04\xcd\xa46\xfc', b'\x8eW\x8e\x19\x878\xd0\xd7\xd1:^\xea\x89\x07\x96\t', b'/2\xab\xacq\xdcu\xa3i\xdfg""B\r\x98\xb7', b'\x82\xd7wW\xf5\x1d\xd9\xc2,w\xcc~\x9e\x98\n\xf4', b'\xe0\xf9;\x9dg\xf5\xb2\xba\x7f\xdc\xb3h\x96\xd8\xb5d', b'\x05\xf7q7cr\xfaU\\aw\xfd\x89\x11\x94p', b'\x9d\x11|\xa7\x8d\xa2\x7f\xccy/\xb5m\xf5\x97W\x16', b'\xfe\xca\xba\xd84\x1et(rD\xbd\x02\x95\xff^\xfc', b'_\xfcB\xd2:\xc9\xbf\x99;S\xcd\xc5\xbd\xa0\x99\r', b'\xf81v\x86\xe2\xaa\xc0}\xf7_\x8bM\xb9\xa2(\x99', b'\xcc\x95\xe2^\xa5\xfa\xc6,\xe82\xc1\x82q\xae\xeb\t', b'\xb8\xdf\xc3\xd8\x9b\x9cC$\x82\x1fw)+9\x03 ', b':\xa8\xe3\xef\xcc\x98@\x869\xe0\\\xf9\x8b>~,', b'\x126?\xce\t!d""\x1f\xa2\xb4 \xb1K\xd2\xe8', b':\x1d\x8b\\\x00pHt\x98U\x85/\xc6\xa9\x0f\xfb')","(b'LW\x9f\xe0t\x9d\x7f\x15\xdc\xaf\x8a\xce\x9c\xdc5\t', b'\x90=\xcb\xfa\x802\xe5N\xcefy\xc0\x1b0\xf3]', b'\x86_\xf7J\xfa\xef\xb17\\\\lG\xf0\xe6\x1d\x8e', b'\xe0\xdc\xf3\x91T\xd7\x85:\x17?\x8a\xf6\xb1\xaa\x1b\xd3', b'\x8d\xf6\xde\xe7b\xe0\x04X\xfbw\xa2\xb3""\xbc\xfb\xf9', b'\xb8\xc6F\xea\xb6\x9f\x044\xff\xb9@B\x15\x0f\xb1""', b']+P\xcf\x1a\xad\x14\x94w\x02\xbbn\xb1qQ\x16', b'H\x94\xb55\x89\xa7\x82`\xf9\xb7\x15^\xe1?q\xe7', b'\xde\xf1\xe5H\x99;,MN$\x01\xe1!\xd3\xd5i', b',z\xfce\xfb.\xe7u\x94\xb8w\xfa\xb3\x1a\xd4m')"
b'S\xb9b:g \x02r\xdf\x88\x9c\x9b;/{\x12',b'\xae\xb8\x98Hth\xbd\x17n\xfc!k\x7f\xe7\xed\x16',b'\x0f\xb3\xa0p\xe14\xa6g\xce\xa9\x84\x00\xeewNd',b'\xc4\xf0\xf2\x01W\xf4\xbd\x8b\xef\x17M\xfd\xc4cl\xfa',"b""\xef)\xcb\x0e\x0e\x85\xe6D\xbb\xda\xf1&\x8dE\xb0'""","b'y\xb8\x17\xd6V\xf8$\xb9U""\xb3}Q6Yl'",b'%l\xffW\xacyW\x8f\xb9\x90\x0e\x9c\xc5\xbb+\xbb'
b'S\xb9b:g \x02r\xdf\x88\x9c\x9b;/{\x12',b'*\xd4F\x9b\xda`\x86oWst\xd9o\x1e\x19X',b'\x0f\xb3\xa0p\xe14\xa6g\xce\xa9\x84\x00\xeewNd',b'u\xb3\x8b\x1dq\xa1\xb1\x85\x14*\x06\x0c8X\xf8\xaa',b'9\xf6\x04\xbey\xa3o\rK\r\x06\xc1:\x89\x99\xbb',"b'y\xb8\x17\xd6V\xf8$\xb9U""\xb3}Q6Yl'",b'%l\xffW\xacyW\x8f\xb9\x90\x0e\x9c\xc5\xbb+\xbb'
b'S\xb9b:g \x02r\xdf\x88\x9c\x9b;/{\x12',b'\xae\xb8\x98Hth\xbd\x17n\xfc!k\x7f\xe7\xed\x16',b'\x0f\xb3\xa0p\xe14\xa6g\xce\xa9\x84\x00\xeewNd',b'\xbb/\x99$iS\x90\x01p\x1e\x16%\xc9\x81I\x82',b'9\xf6\x04\xbey\xa3o\rK\r\x06\xc1:\x89\x99\xbb',"b'y\xb8\x17\xd6V\xf8$\xb9U""\xb3}Q6Yl'",b'%l\xffW\xacyW\x8f\xb9\x90\x0e\x9c\xc5\xbb+\xbb'
b'#f\xb3\xf6A\xee.J}j\x08\xd4\x8a\xfa\xc8\x0c',b'\xae\xb8\x98Hth\xbd\x17n\xfc!k\x7f\xe7\xed\x16',b'\xb1\xb3\x87\r\xd3\n\x91\xd8\xfa\xd6\xbd\xc6\x008\xb4\xec',b'\xbb/\x99$iS\x90\x01p\x1e\x16%\xc9\x81I\x82',b'9\xf6\x04\xbey\xa3o\rK\r\x06\xc1:\x89\x99\xbb',"b'y\xb8\x17\xd6V\xf8$\xb9U""\xb3}Q6Yl'",b'%l\xffW\xacyW\x8f\xb9\x90\x0e\x9c\xc5\xbb+\xbb'
b'S\xb9b:g \x02r\xdf\x88\x9c\x9b;/{\x12',b'\xae\xb8\x98Hth\xbd\x17n\xfc!k\x7f\xe7\xed\x16',b'\x0f\xb3\xa0p\xe14\xa6g\xce\xa9\x84\x00\xeewNd',b'\xbb/\x99$iS\x90\x01p\x1e\x16%\xc9\x81I\x82',b'9\xf6\x04\xbey\xa3o\rK\r\x06\xc1:\x89\x99\xbb',"b'y\xb8\x17\xd6V\xf8$\xb9U""\xb3}Q6Yl'",b'%l\xffW\xacyW\x8f\xb9\x90\x0e\x9c\xc5\xbb+\xbb'
b'2\x1e\xaf\xc9\xd1H\x9b\xf8\xfd\xf9\xd9\x81\x1c\x08KO',b'*\xd4F\x9b\xda`\x86oWst\xd9o\x1e\x19X',b'\x0f\xb3\xa0p\xe14\xa6g\xce\xa9\x84\x00\xeewNd',b'\xbb/\x99$iS\x90\x01p\x1e\x16%\xc9\x81I\x82',b'9\xf6\x04\xbey\xa3o\rK\r\x06\xc1:\x89\x99\xbb',"b'y\xb8\x17\xd6V\xf8$\xb9U""\xb3}Q6Yl'",b'\xdf\x07h\x08\xf3\xbc\xbeR\x1b\x8e8\xef\x94\x88\xb9\x81'
b'S\xb9b:g \x02r\xdf\x88\x9c\x9b;/{\x12',b'\xae\xb8\x98Hth\xbd\x17n\xfc!k\x7f\xe7\xed\x16',b'\x0f\xb3\xa0p\xe14\xa6g\xce\xa9\x84\x00\xeewNd',b'\xbb/\x99$iS\x90\x01p\x1e\x16%\xc9\x81I\x82',b'9\xf6\x04\xbey\xa3o\rK\r\x06\xc1:\x89\x99\xbb',b'\x86WU\xd4\xd8\xb8Ak\xb7DIl\x8b\x05t_',b'%l\xffW\xacyW\x8f\xb9\x90\x0e\x9c\xc5\xbb+\xbb'
b'S\xb9b:g \x02r\xdf\x88\x9c\x9b;/{\x12',b'*\xd4F\x9b\xda`\x86oWst\xd9o\x1e\x19X',b'\x9d\xc8\x00\xf7\x87\xe7n\xc3\xadA\xdc\xdb\xb4L\xae\xba',b'\xbb/\x99$iS\x90\x01p\x1e\x16%\xc9\x81I\x82',b'9\xf6\x04\xbey\xa3o\rK\r\x06\xc1:\x89\x99\xbb',"b'y\xb8\x17\xd6V\xf8$\xb9U""\xb3}Q6Yl'",b'%l\xffW\xacyW\x8f\xb9\x90\x0e\x9c\xc5\xbb+\xbb'
b'S\xb9b:g \x02r\xdf\x88\x9c\x9b;/{\x12',b'\xae\xb8\x98Hth\xbd\x17n\xfc!k\x7f\xe7\xed\x16',b'\x0f\xb3\xa0p\xe14\xa6g\xce\xa9\x84\x00\xeewNd',b'\xbb/\x99$iS\x90\x01p\x1e\x16%\xc9\x81I\x82',b'9\xf6\x04\xbey\xa3o\rK\r\x06\xc1:\x89\x99\xbb',"b'y\xb8\x17\xd6V\xf8$\xb9U""\xb3}Q6Yl'",b'%l\xffW\xacyW\x8f\xb9\x90\x0e\x9c\xc5\xbb+\xbb'
b'(\xee\x87\xff\xbe\xd0Ha\x08\xe1\x19\xfa&\x7fi\xa0',b'\xae\xb8\x98Hth\xbd\x17n\xfc!k\x7f\xe7\xed\x16',b'\x9d\xc8\x00\xf7\x87\xe7n\xc3\xadA\xdc\xdb\xb4L\xae\xba',b'\xbb/\x99$iS\x90\x01p\x1e\x16%\xc9\x81I\x82',b'9\xf6\x04\xbey\xa3o\rK\r\x06\xc1:\x89\x99\xbb',"b'y\xb8\x17\xd6V\xf8$\xb9U""\xb3}Q6Yl'",b'%l\xffW\xacyW\x8f\xb9\x90\x0e\x9c\xc5\xbb+\xbb'
